ID,X1,X2,class,pred,posterior1
1,5,7,1,1,0.9210538414521867
2,4,3,2,2,0.09953413777473069
3,7,8,2,1,0.7275992095600776
4,8,6,2,2,0.02636076813524805
5,3,6,1,1,0.9807541986126551
6,2,5,1,1,0.9801064743995931
7,6,6,1,2,0.3559269090712203
8,9,6,2,2,0.005957064511006643
9,5,4,2,2,0.10260131141765906
